select *, true and true as a from "{SolutionDirectory}csv/test1.csv";

+------+-------------+-------------+------------------------+-------------+------+
|  id  |  firstname  |  lastname   |         email          | profession  |  a   |
+------+-------------+-------------+------------------------+-------------+------+
| 1    | evan        | choi        | evan@chequer.io        | Platform    | TRUE |
| 2    | tony        | jang        | tony@chequer.io        | Platform    | TRUE |
| 3    | cooper      | oh          | cooper@chequer.io      | Platform    | TRUE |
| 4    | harold      | choi        | harold@chequer.io      | Platform    | TRUE |
| 5    | danny       | kim         | danny@chequer.io       | Platform    | TRUE |
| 6    | wein        | cho         | wein@chequer.io        | Platform    | TRUE |
| 7    | ryan        | choi        | ryan@chequer.io        | Platform    | TRUE |
| 8    | alice       | park        | alice@chequer.io       | Platform    | TRUE |
| 9    | mason       | oh          | mason@chequer.io       | Platform    | TRUE |
| 100  | Inga        | Fillbert    | Inga@chequer.io        | QA          | TRUE |
| 101  | Tatiania    | Talia       | Tatiania@chequer.io    | Financial   | TRUE |
| 102  | Angelique   | Roscoe      | Angelique@chequer.io   | QA          | TRUE |
| 103  | Lindie      | Geffner     | Lindie@chequer.io      | Development | TRUE |
| 104  | Agathe      | Alva        | Agathe@chequer.io      | Business    | TRUE |
| 105  | Nickie      | Janith      | Nickie@chequer.io      | Development | TRUE |
| 106  | Elbertina   | Montgomery  | Elbertina@chequer.io   | Development | TRUE |
| 107  | Deedee      | Reidar      | Deedee@chequer.io      | Financial   | TRUE |
| 108  | Misha       | Shama       | Misha@chequer.io       | Development | TRUE |
| 109  | Rosanne     | Philipp     | Rosanne@chequer.io     | Development | TRUE |
| 110  | Malina      | Bevin       | Malina@chequer.io      | Financial   | TRUE |
| 111  | Agnese      | Weitman     | Agnese@chequer.io      | Business    | TRUE |
| 112  | Annaliese   | Maroney     | Annaliese@chequer.io   | Business    | TRUE |
| 113  | Jeanna      | Roscoe      | Jeanna@chequer.io      | Business    | TRUE |
| 114  | Meriel      | Mullane     | Meriel@chequer.io      | Business    | TRUE |
| 115  | Brandise    | Anton       | Brandise@chequer.io    | Financial   | TRUE |
| 116  | Flo         | Sawtelle    | Flo@chequer.io         | QA          | TRUE |
| 117  | Lenna       | Kesley      | Lenna@chequer.io       | QA          | TRUE |
| 118  | Christy     | Raychel     | Christy@chequer.io     | Financial   | TRUE |
| 119  | Emylee      | Ricki       | Emylee@chequer.io      | QA          | TRUE |
| 120  | Barbi       | Mike        | Barbi@chequer.io       | Development | TRUE |
| 121  | Charlena    | Sharl       | Charlena@chequer.io    | Business    | TRUE |
| 122  | Max         | Marden      | Max@chequer.io         | Financial   | TRUE |
| 123  | Yetty       | Toor        | Yetty@chequer.io       | Sales       | TRUE |
| 124  | Wendi       | McGrody     | Wendi@chequer.io       | QA          | TRUE |
| 125  | Patricia    | Ingra       | Patricia@chequer.io    | Business    | TRUE |
| 126  | Allis       | Rurik       | Allis@chequer.io       | H/R         | TRUE |
| 127  | Andree      | Waite       | Andree@chequer.io      | Financial   | TRUE |
| 128  | Lusa        | Anastatius  | Lusa@chequer.io        | Sales       | TRUE |
| 129  | Marjie      | Bow         | Marjie@chequer.io      | QA          | TRUE |
| 130  | Jeanna      | Durware     | Jeanna@chequer.io      | Development | TRUE |
| 131  | Celene      | Hunfredo    | Celene@chequer.io      | Business    | TRUE |
| 132  | Ermengarde  | Toni        | Ermengarde@chequer.io  | Sales       | TRUE |
| 133  | Jolyn       | Phaidra     | Jolyn@chequer.io       | Business    | TRUE |
| 134  | Jolyn       | Gombach     | Jolyn@chequer.io       | Sales       | TRUE |
| 135  | Florencia   | Howlyn      | Florencia@chequer.io   | QA          | TRUE |
| 136  | Liana       | Roscoe      | Liana@chequer.io       | QA          | TRUE |
| 137  | Nadine      | Hailee      | Nadine@chequer.io      | QA          | TRUE |
| 138  | Annora      | Septima     | Annora@chequer.io      | Sales       | TRUE |
| 139  | Gratia      | Chick       | Gratia@chequer.io      | Business    | TRUE |
| 140  | Sashenka    | Milde       | Sashenka@chequer.io    | Financial   | TRUE |
| 141  | Raquela     | Stelle      | Raquela@chequer.io     | H/R         | TRUE |
| 142  | Leona       | Morehouse   | Leona@chequer.io       | Development | TRUE |
| 143  | Laure       | Rooney      | Laure@chequer.io       | Sales       | TRUE |
| 144  | Tobe        | Pitt        | Tobe@chequer.io        | QA          | TRUE |
| 145  | Brena       | Vary        | Brena@chequer.io       | Development | TRUE |
| 146  | Micheline   | Yorick      | Micheline@chequer.io   | QA          | TRUE |
| 147  | Marjie      | Corabella   | Marjie@chequer.io      | Sales       | TRUE |
| 148  | Joceline    | Bahr        | Joceline@chequer.io    | Financial   | TRUE |
| 149  | Jany        | Malvino     | Jany@chequer.io        | Development | TRUE |
| 150  | Lanna       | Minetta     | Lanna@chequer.io       | Sales       | TRUE |
| 151  | Florencia   | Roscoe      | Florencia@chequer.io   | Sales       | TRUE |
| 152  | Gusella     | Kinnard     | Gusella@chequer.io     | Sales       | TRUE |
| 153  | Lyssa       | Brieta      | Lyssa@chequer.io       | Financial   | TRUE |
| 154  | Janenna     | Rillings    | Janenna@chequer.io     | Development | TRUE |
| 155  | Tarra       | Caitlin     | Tarra@chequer.io       | H/R         | TRUE |
| 156  | Kayla       | Tacye       | Kayla@chequer.io       | Business    | TRUE |
| 157  | Brynna      | Melleta     | Brynna@chequer.io      | H/R         | TRUE |
| 158  | Addia       | Cleo        | Addia@chequer.io       | Business    | TRUE |
| 159  | Paulita     | Barrus      | Paulita@chequer.io     | Business    | TRUE |
| 160  | Tamqrah     | Sinegold    | Tamqrah@chequer.io     | Financial   | TRUE |
| 161  | Carly       | Oriana      | Carly@chequer.io       | Development | TRUE |
| 162  | Annora      | Mott        | Annora@chequer.io      | H/R         | TRUE |
| 163  | Siana       | Christine   | Siana@chequer.io       | Sales       | TRUE |
| 164  | Di          | Ahab        | Di@chequer.io          | QA          | TRUE |
| 165  | Netty       | Sabella     | Netty@chequer.io       | H/R         | TRUE |
| 166  | Darlleen    | Sothena     | Darlleen@chequer.io    | H/R         | TRUE |
| 167  | Lynde       | Montgomery  | Lynde@chequer.io       | QA          | TRUE |
| 168  | Lonnie      | Hoenack     | Lonnie@chequer.io      | Business    | TRUE |
| 169  | Carol-Jean  | Gherardo    | Carol-Jean@chequer.io  | H/R         | TRUE |
| 170  | Celene      | Gaynor      | Celene@chequer.io      | H/R         | TRUE |
| 171  | Alexine     | Baptlsta    | Alexine@chequer.io     | Development | TRUE |
| 172  | Cindelyn    | Radu        | Cindelyn@chequer.io    | Financial   | TRUE |
| 173  | Augustine   | Tice        | Augustine@chequer.io   | H/R         | TRUE |
| 174  | Ira         | Alwin       | Ira@chequer.io         | QA          | TRUE |
| 175  | Elena       | Dalli       | Elena@chequer.io       | Financial   | TRUE |
| 176  | Roberta     | Huggins     | Roberta@chequer.io     | Sales       | TRUE |
| 177  | Hope        | Center      | Hope@chequer.io        | Development | TRUE |
| 178  | Doro        | Tryck       | Doro@chequer.io        | Business    | TRUE |
| 179  | Brana       | Destinee    | Brana@chequer.io       | Development | TRUE |
| 180  | Eolanda     | Eckblad     | Eolanda@chequer.io     | Sales       | TRUE |
| 181  | Lily        | Bronk       | Lily@chequer.io        | Development | TRUE |
| 182  | Bernie      | Grimbly     | Bernie@chequer.io      | Financial   | TRUE |
| 183  | Ardeen      | Konyn       | Ardeen@chequer.io      | H/R         | TRUE |
| 184  | Annabela    | Bartlett    | Annabela@chequer.io    | Development | TRUE |
| 185  | Libbie      | Guildroy    | Libbie@chequer.io      | Financial   | TRUE |
| 186  | Brianna     | Kazimir     | Brianna@chequer.io     | QA          | TRUE |
| 187  | Janis       | Saunderson  | Janis@chequer.io       | Financial   | TRUE |
| 188  | Lindie      | Arquit      | Lindie@chequer.io      | Business    | TRUE |
| 189  | Ira         | Tjon        | Ira@chequer.io         | Financial   | TRUE |
| 190  | Gusty       | Septima     | Gusty@chequer.io       | Business    | TRUE |
| 191  | Kassey      | Valerio     | Kassey@chequer.io      | Development | TRUE |
| 192  | Ardys       | Donell      | Ardys@chequer.io       | Financial   | TRUE |
| 193  | Ashlee      | Read        | Ashlee@chequer.io      | Business    | TRUE |
| 194  | Valli       | Grobe       | Valli@chequer.io       | Sales       | TRUE |
| 195  | Cathie      | Junie       | Cathie@chequer.io      | QA          | TRUE |
| 196  | Joane       | Dimitris    | Joane@chequer.io       | Development | TRUE |
| 197  | Christy     | Thilda      | Christy@chequer.io     | Financial   | TRUE |
| 198  | Ariela      | Ellord      | Ariela@chequer.io      | Business    | TRUE |
| 199  | Betta       | Fitzsimmons | Betta@chequer.io       | Business    | TRUE |
| 200  | Penelopa    | Gombach     | Penelopa@chequer.io    | QA          | TRUE |
| 201  | Lulita      | Rudolph     | Lulita@chequer.io      | Financial   | TRUE |
| 202  | Hollie      | Gusella     | Hollie@chequer.io      | Financial   | TRUE |
| 203  | Cassandra   | Malvino     | Cassandra@chequer.io   | Development | TRUE |
| 204  | Di          | Baylor      | Di@chequer.io          | H/R         | TRUE |
| 205  | Helsa       | Pitt        | Helsa@chequer.io       | QA          | TRUE |
| 206  | Tabbatha    | Pyle        | Tabbatha@chequer.io    | Sales       | TRUE |
| 207  | Fredericka  | Ashok       | Fredericka@chequer.io  | Financial   | TRUE |
| 208  | Jorry       | Hilbert     | Jorry@chequer.io       | H/R         | TRUE |
| 209  | Jerry       | Ranjiv      | Jerry@chequer.io       | Financial   | TRUE |
| 210  | Carree      | Nunci       | Carree@chequer.io      | Business    | TRUE |
| 211  | Micheline   | Douglass    | Micheline@chequer.io   | Development | TRUE |
| 212  | Madeleine   | Norrie      | Madeleine@chequer.io   | H/R         | TRUE |
| 213  | Hildegaard  | Sadowski    | Hildegaard@chequer.io  | Development | TRUE |
| 214  | Margalo     | Cloris      | Margalo@chequer.io     | Business    | TRUE |
| 215  | Binny       | Abram       | Binny@chequer.io       | Financial   | TRUE |
| 216  | Julieta     | Yerkovich   | Julieta@chequer.io     | Sales       | TRUE |
| 217  | Carly       | Virgin      | Carly@chequer.io       | Financial   | TRUE |
| 218  | Averyl      | Silvan      | Averyl@chequer.io      | Development | TRUE |
| 219  | Christian   | Kaete       | Christian@chequer.io   | QA          | TRUE |
| 220  | Eugine      | Ezar        | Eugine@chequer.io      | Development | TRUE |
| 221  | Peri        | Mandler     | Peri@chequer.io        | Sales       | TRUE |
| 222  | Danika      | Curren      | Danika@chequer.io      | Development | TRUE |
| 223  | Cassandra   | Kiersten    | Cassandra@chequer.io   | H/R         | TRUE |
| 224  | Natka       | Durware     | Natka@chequer.io       | Sales       | TRUE |
| 225  | Kellen      | Margret     | Kellen@chequer.io      | Sales       | TRUE |
| 226  | Kary        | Moseley     | Kary@chequer.io        | H/R         | TRUE |
| 227  | Dacia       | Infield     | Dacia@chequer.io       | QA          | TRUE |
| 228  | Yvonne      | Stoller     | Yvonne@chequer.io      | Business    | TRUE |
| 229  | Sibella     | Eachern     | Sibella@chequer.io     | Development | TRUE |
| 230  | Ira         | Whittaker   | Ira@chequer.io         | Financial   | TRUE |
| 231  | Molli       | Solitta     | Molli@chequer.io       | Business    | TRUE |
| 232  | Gabi        | Wenoa       | Gabi@chequer.io        | Financial   | TRUE |
| 233  | Deedee      | Lamoree     | Deedee@chequer.io      | Development | TRUE |
| 234  | Bee         | Donoghue    | Bee@chequer.io         | Business    | TRUE |
| 235  | Grier       | Bach        | Grier@chequer.io       | QA          | TRUE |
| 236  | Madalyn     | Chesna      | Madalyn@chequer.io     | QA          | TRUE |
| 237  | Silvana     | Eno         | Silvana@chequer.io     | Sales       | TRUE |
| 238  | Sharai      | Elsinore    | Sharai@chequer.io      | Financial   | TRUE |
| 239  | Gerianna    | Docilla     | Gerianna@chequer.io    | H/R         | TRUE |
| 240  | Talya       | Huggins     | Talya@chequer.io       | Sales       | TRUE |
| 241  | Alisha      | Kathie      | Alisha@chequer.io      | Financial   | TRUE |
| 242  | Ermengarde  | Mitzi       | Ermengarde@chequer.io  | Financial   | TRUE |
| 243  | Almeta      | Eliathas    | Almeta@chequer.io      | Sales       | TRUE |
| 244  | Josephine   | Krystle     | Josephine@chequer.io   | Sales       | TRUE |
| 245  | Melina      | O'Neill     | Melina@chequer.io      | QA          | TRUE |
| 246  | Tani        | Fabiola     | Tani@chequer.io        | Financial   | TRUE |
| 247  | Maud        | Lane        | Maud@chequer.io        | Financial   | TRUE |
| 248  | Lolita      | Ardeha      | Lolita@chequer.io      | Financial   | TRUE |
| 249  | Rebeca      | Gahl        | Rebeca@chequer.io      | H/R         | TRUE |
| 250  | Luci        | Jorgan      | Luci@chequer.io        | Business    | TRUE |
| 251  | Sara-Ann    | Eben        | Sara-Ann@chequer.io    | Business    | TRUE |
| 252  | Tabbatha    | Guthrie     | Tabbatha@chequer.io    | H/R         | TRUE |
| 253  | Queenie     | Bendick     | Queenie@chequer.io     | Sales       | TRUE |
| 254  | Verla       | Weinreb     | Verla@chequer.io       | Financial   | TRUE |
| 255  | Marika      | Michella    | Marika@chequer.io      | QA          | TRUE |
| 256  | Chere       | Ries        | Chere@chequer.io       | Development | TRUE |
| 257  | Brooks      | Tice        | Brooks@chequer.io      | Development | TRUE |
| 258  | Katleen     | Rodmann     | Katleen@chequer.io     | Financial   | TRUE |
| 259  | Amii        | Faria       | Amii@chequer.io        | QA          | TRUE |
| 260  | Nicoli      | Eliathas    | Nicoli@chequer.io      | Financial   | TRUE |
| 261  | Abbie       | Burch       | Abbie@chequer.io       | QA          | TRUE |
| 262  | Raf         | Riva        | Raf@chequer.io         | Sales       | TRUE |
| 263  | Barbi       | Skell       | Barbi@chequer.io       | H/R         | TRUE |
| 264  | Letizia     | Louanna     | Letizia@chequer.io     | Sales       | TRUE |
| 265  | Doralynne   | Erlandson   | Doralynne@chequer.io   | QA          | TRUE |
| 266  | Latisha     | Rheingold   | Latisha@chequer.io     | Business    | TRUE |
| 267  | Florie      | Elephus     | Florie@chequer.io      | H/R         | TRUE |
| 268  | Celestyna   | Fosque      | Celestyna@chequer.io   | QA          | TRUE |
| 269  | Barbi       | Norrie      | Barbi@chequer.io       | Sales       | TRUE |
| 270  | Karlee      | Kirstin     | Karlee@chequer.io      | H/R         | TRUE |
| 271  | Petronia    | Atcliffe    | Petronia@chequer.io    | Business    | TRUE |
| 272  | Edee        | Holbrook    | Edee@chequer.io        | Business    | TRUE |
| 273  | Kore        | Milson      | Kore@chequer.io        | H/R         | TRUE |
| 274  | Ruthe       | Emmaline    | Ruthe@chequer.io       | Development | TRUE |
| 275  | Taffy       | Meter       | Taffy@chequer.io       | Business    | TRUE |
| 276  | Alie        | Hazlett     | Alie@chequer.io        | Business    | TRUE |
| 277  | Gale        | Othilia     | Gale@chequer.io        | QA          | TRUE |
| 278  | Donetta     | Lattie      | Donetta@chequer.io     | Business    | TRUE |
| 279  | Sadie       | Ogren       | Sadie@chequer.io       | Sales       | TRUE |
| 280  | Sissy       | Ruvolo      | Sissy@chequer.io       | QA          | TRUE |
| 281  | Gusty       | Judye       | Gusty@chequer.io       | QA          | TRUE |
| 282  | Janenna     | Fadiman     | Janenna@chequer.io     | Business    | TRUE |
| 283  | Feliza      | Ferino      | Feliza@chequer.io      | H/R         | TRUE |
| 284  | Bill        | Weide       | Bill@chequer.io        | Business    | TRUE |
| 285  | Dulcinea    | Brotherson  | Dulcinea@chequer.io    | Financial   | TRUE |
| 286  | Genevra     | Ardra       | Genevra@chequer.io     | Development | TRUE |
| 287  | Isa         | Quent       | Isa@chequer.io         | Business    | TRUE |
| 288  | Sibella     | Alfons      | Sibella@chequer.io     | Business    | TRUE |
| 289  | Romona      | Atonsah     | Romona@chequer.io      | Development | TRUE |
| 290  | Augustine   | Koehler     | Augustine@chequer.io   | Development | TRUE |
| 291  | Myrtice     | Tillford    | Myrtice@chequer.io     | Business    | TRUE |
| 292  | Asia        | Zetta       | Asia@chequer.io        | H/R         | TRUE |
| 293  | Charmaine   | Soneson     | Charmaine@chequer.io   | QA          | TRUE |
| 294  | Merci       | Kaete       | Merci@chequer.io       | Development | TRUE |
| 295  | Corene      | Schonfeld   | Corene@chequer.io      | H/R         | TRUE |
| 296  | Deane       | Regan       | Deane@chequer.io       | Financial   | TRUE |
| 297  | Wynne       | Ochs        | Wynne@chequer.io       | Business    | TRUE |
| 298  | Joane       | Levey       | Joane@chequer.io       | Development | TRUE |
| 299  | Margalo     | Cressida    | Margalo@chequer.io     | H/R         | TRUE |
| 300  | Kassey      | Clie        | Kassey@chequer.io      | QA          | TRUE |
| 301  | Lorne       | Vacuva      | Lorne@chequer.io       | Business    | TRUE |
| 302  | Christian   | Wilkinson   | Christian@chequer.io   | QA          | TRUE |
| 303  | Alyda       | Viddah      | Alyda@chequer.io       | Sales       | TRUE |
| 304  | Madelle     | Ledah       | Madelle@chequer.io     | QA          | TRUE |
| 305  | Wanda       | Robertson   | Wanda@chequer.io       | Financial   | TRUE |
| 306  | Stacey      | Knowling    | Stacey@chequer.io      | Financial   | TRUE |
| 307  | Wendi       | Grimbly     | Wendi@chequer.io       | Business    | TRUE |
| 308  | Claresta    | Lubin       | Claresta@chequer.io    | H/R         | TRUE |
| 309  | Delilah     | Evvie       | Delilah@chequer.io     | Business    | TRUE |
| 310  | Ann-Marie   | Phyllis     | Ann-Marie@chequer.io   | Business    | TRUE |
| 311  | Candy       | Luhe        | Candy@chequer.io       | QA          | TRUE |
| 312  | Violet      | Thornburg   | Violet@chequer.io      | QA          | TRUE |
| 313  | Aurore      | Parette     | Aurore@chequer.io      | QA          | TRUE |
| 314  | Cyndie      | Haymes      | Cyndie@chequer.io      | QA          | TRUE |
| 315  | Miquela     | Afton       | Miquela@chequer.io     | Financial   | TRUE |
| 316  | Kamilah     | Alva        | Kamilah@chequer.io     | Financial   | TRUE |
| 317  | Sashenka    | Hebner      | Sashenka@chequer.io    | Development | TRUE |
| 318  | Elvira      | Lilas       | Elvira@chequer.io      | Financial   | TRUE |
| 319  | Sandie      | Philoo      | Sandie@chequer.io      | Development | TRUE |
| 320  | Sue         | Faust       | Sue@chequer.io         | Development | TRUE |
| 321  | Gaylene     | Thunell     | Gaylene@chequer.io     | Sales       | TRUE |
| 322  | Ebonee      | Carvey      | Ebonee@chequer.io      | Sales       | TRUE |
| 323  | Alejandra   | Waldron     | Alejandra@chequer.io   | Sales       | TRUE |
| 324  | Charmaine   | Vilma       | Charmaine@chequer.io   | Financial   | TRUE |
| 325  | Katharina   | Hamil       | Katharina@chequer.io   | Sales       | TRUE |
| 326  | Adelle      | Fredi       | Adelle@chequer.io      | Development | TRUE |
| 327  | Cathie      | Schwejda    | Cathie@chequer.io      | H/R         | TRUE |
| 328  | Emylee      | Rocray      | Emylee@chequer.io      | H/R         | TRUE |
| 329  | Roz         | Uird        | Roz@chequer.io         | H/R         | TRUE |
| 330  | Cissiee     | Fennessy    | Cissiee@chequer.io     | Development | TRUE |
| 331  | Margalo     | Yerkovich   | Margalo@chequer.io     | H/R         | TRUE |
| 332  | Emelina     | Glovsky     | Emelina@chequer.io     | Business    | TRUE |
| 333  | Nariko      | Woodberry   | Nariko@chequer.io      | H/R         | TRUE |
| 334  | Odessa      | Payson      | Odessa@chequer.io      | Development | TRUE |
| 335  | Norine      | Tiffa       | Norine@chequer.io      | QA          | TRUE |
| 336  | Barbara     | Hashim      | Barbara@chequer.io     | Sales       | TRUE |
| 337  | Mahalia     | Quinn       | Mahalia@chequer.io     | Business    | TRUE |
| 338  | Nataline    | Dichy       | Nataline@chequer.io    | Business    | TRUE |
| 339  | Cathyleen   | Skurnik     | Cathyleen@chequer.io   | QA          | TRUE |
| 340  | Mariele     | Primalia    | Mariele@chequer.io     | H/R         | TRUE |
| 341  | Nerta       | Demitria    | Nerta@chequer.io       | Business    | TRUE |
| 342  | Adore       | Modie       | Adore@chequer.io       | Business    | TRUE |
| 343  | Rori        | Ellerey     | Rori@chequer.io        | H/R         | TRUE |
| 344  | Gui         | Turne       | Gui@chequer.io         | Development | TRUE |
| 345  | Grier       | Gibbeon     | Grier@chequer.io       | Sales       | TRUE |
| 346  | Tomasina    | Rustice     | Tomasina@chequer.io    | H/R         | TRUE |
| 347  | Annora      | Strephon    | Annora@chequer.io      | Business    | TRUE |
| 348  | Cherrita    | Natalia     | Cherrita@chequer.io    | Sales       | TRUE |
| 349  | Noelle      | Noam        | Noelle@chequer.io      | QA          | TRUE |
| 350  | Gaylene     | Fredi       | Gaylene@chequer.io     | Business    | TRUE |
| 351  | Paola       | Weinreb     | Paola@chequer.io       | Development | TRUE |
| 352  | Trudie      | Middleton   | Trudie@chequer.io      | QA          | TRUE |
| 353  | Celisse     | Fillbert    | Celisse@chequer.io     | Sales       | TRUE |
| 354  | Marti       | Corabella   | Marti@chequer.io       | Business    | TRUE |
| 355  | Karolina    | Schwejda    | Karolina@chequer.io    | H/R         | TRUE |
| 356  | Roslyn      | Garbe       | Roslyn@chequer.io      | Development | TRUE |
| 357  | Dorthy      | Haymes      | Dorthy@chequer.io      | Development | TRUE |
| 358  | Melodie     | Miru        | Melodie@chequer.io     | Financial   | TRUE |
| 359  | Emilia      | Reneta      | Emilia@chequer.io      | H/R         | TRUE |
| 360  | Abbie       | Dom         | Abbie@chequer.io       | Financial   | TRUE |
| 361  | Stevana     | Rustice     | Stevana@chequer.io     | QA          | TRUE |
| 362  | Sissy       | Sigfrid     | Sissy@chequer.io       | H/R         | TRUE |
| 363  | Beverley    | Tamsky      | Beverley@chequer.io    | Sales       | TRUE |
| 364  | Devina      | Jarib       | Devina@chequer.io      | H/R         | TRUE |
| 365  | Joleen      | Minetta     | Joleen@chequer.io      | Business    | TRUE |
| 366  | Hope        | Edmund      | Hope@chequer.io        | Sales       | TRUE |
| 367  | Isa         | Hull        | Isa@chequer.io         | Sales       | TRUE |
| 368  | Jessamyn    | Jacinda     | Jessamyn@chequer.io    | Development | TRUE |
| 369  | Elsie       | Goode       | Elsie@chequer.io       | Business    | TRUE |
| 370  | Clementine  | Cullin      | Clementine@chequer.io  | Sales       | TRUE |
| 371  | Dianemarie  | Kirbee      | Dianemarie@chequer.io  | Business    | TRUE |
| 372  | Selia       | Bonilla     | Selia@chequer.io       | H/R         | TRUE |
| 373  | Lacie       | Chem        | Lacie@chequer.io       | QA          | TRUE |
| 374  | Georgetta   | Fitzsimmons | Georgetta@chequer.io   | Development | TRUE |
| 375  | Maridel     | Socha       | Maridel@chequer.io     | Sales       | TRUE |
| 376  | Stacey      | Bashemeth   | Stacey@chequer.io      | Development | TRUE |
| 377  | Robbi       | Terrence    | Robbi@chequer.io       | QA          | TRUE |
| 378  | Cathyleen   | Roumell     | Cathyleen@chequer.io   | H/R         | TRUE |
| 379  | Miquela     | Johnsson    | Miquela@chequer.io     | QA          | TRUE |
| 380  | Karolina    | Ludewig     | Karolina@chequer.io    | H/R         | TRUE |
| 381  | Siana       | McCutcheon  | Siana@chequer.io       | Business    | TRUE |
| 382  | Darci       | Sisile      | Darci@chequer.io       | QA          | TRUE |
| 383  | Odessa      | Casimir     | Odessa@chequer.io      | Business    | TRUE |
| 384  | Karena      | Vins        | Karena@chequer.io      | Development | TRUE |
| 385  | Bertine     | Hillel      | Bertine@chequer.io     | Financial   | TRUE |
| 386  | Gusella     | Cloris      | Gusella@chequer.io     | Financial   | TRUE |
| 387  | Arlina      | Goode       | Arlina@chequer.io      | QA          | TRUE |
| 388  | Elyssa      | Raama       | Elyssa@chequer.io      | H/R         | TRUE |
| 389  | Courtnay    | Pillsbury   | Courtnay@chequer.io    | H/R         | TRUE |
| 390  | Karlee      | Maryanne    | Karlee@chequer.io      | H/R         | TRUE |
| 391  | Sue         | Greyson     | Sue@chequer.io         | Development | TRUE |
| 392  | Jennica     | Anis        | Jennica@chequer.io     | Sales       | TRUE |
| 393  | Ketti       | Brunell     | Ketti@chequer.io       | Financial   | TRUE |
| 394  | Joane       | Jillane     | Joane@chequer.io       | QA          | TRUE |
| 395  | Sue         | Edmund      | Sue@chequer.io         | Sales       | TRUE |
| 396  | Andeee      | Madelene    | Andeee@chequer.io      | Business    | TRUE |
| 397  | Kalina      | Shaddock    | Kalina@chequer.io      | Development | TRUE |
| 398  | Cassondra   | Dermott     | Cassondra@chequer.io   | Financial   | TRUE |
| 399  | Letizia     | Alrich      | Letizia@chequer.io     | Development | TRUE |
| 400  | Ebonee      | Ackerley    | Ebonee@chequer.io      | Financial   | TRUE |
| 401  | Inga        | Valoniah    | Inga@chequer.io        | Financial   | TRUE |
| 402  | Romona      | Nisbet      | Romona@chequer.io      | H/R         | TRUE |
| 403  | Margarette  | Jobi        | Margarette@chequer.io  | H/R         | TRUE |
| 404  | Phylis      | Blase       | Phylis@chequer.io      | H/R         | TRUE |
| 405  | Caryl       | Adamsen     | Caryl@chequer.io       | Business    | TRUE |
| 406  | Catharine   | Rad         | Catharine@chequer.io   | QA          | TRUE |
| 407  | Belinda     | Durante     | Belinda@chequer.io     | Sales       | TRUE |
| 408  | Joane       | Laurianne   | Joane@chequer.io       | Business    | TRUE |
| 409  | Jennica     | O'Carroll   | Jennica@chequer.io     | Development | TRUE |
| 410  | Maryellen   | Goerke      | Maryellen@chequer.io   | QA          | TRUE |
| 411  | Leeanne     | Solitta     | Leeanne@chequer.io     | Development | TRUE |
| 412  | Barbi       | Bigner      | Barbi@chequer.io       | Business    | TRUE |
| 413  | Winny       | Dawkins     | Winny@chequer.io       | QA          | TRUE |
| 414  | Tobe        | Gordon      | Tobe@chequer.io        | H/R         | TRUE |
| 415  | Oralee      | Weinreb     | Oralee@chequer.io      | Business    | TRUE |
| 416  | Netty       | Gino        | Netty@chequer.io       | Financial   | TRUE |
| 417  | Sue         | Means       | Sue@chequer.io         | Development | TRUE |
| 418  | Chrystel    | Peonir      | Chrystel@chequer.io    | Sales       | TRUE |
| 419  | Kristan     | Jacinda     | Kristan@chequer.io     | QA          | TRUE |
| 420  | Charlena    | Wyn         | Charlena@chequer.io    | H/R         | TRUE |
| 421  | Fredericka  | Teddman     | Fredericka@chequer.io  | QA          | TRUE |
| 422  | Jobi        | Alcott      | Jobi@chequer.io        | Business    | TRUE |
| 423  | Brena       | Marden      | Brena@chequer.io       | H/R         | TRUE |
| 424  | Linzy       | Ellerey     | Linzy@chequer.io       | QA          | TRUE |
| 425  | Barbi       | Seligman    | Barbi@chequer.io       | QA          | TRUE |
| 426  | Halette     | Atonsah     | Halette@chequer.io     | H/R         | TRUE |
| 427  | Natka       | Thomasina   | Natka@chequer.io       | Development | TRUE |
| 428  | Marinna     | Trey        | Marinna@chequer.io     | Business    | TRUE |
| 429  | Merle       | Weitman     | Merle@chequer.io       | Business    | TRUE |
| 430  | Alia        | Stilwell    | Alia@chequer.io        | Financial   | TRUE |
| 431  | Estell      | Jerold      | Estell@chequer.io      | Development | TRUE |
| 432  | Nadine      | Devlen      | Nadine@chequer.io      | Financial   | TRUE |
| 433  | Anallese    | Rubie       | Anallese@chequer.io    | Sales       | TRUE |
| 434  | Alexine     | Alexandr    | Alexine@chequer.io     | Development | TRUE |
| 435  | Frances     | Brieta      | Frances@chequer.io     | Sales       | TRUE |
| 436  | Mahalia     | Zetta       | Mahalia@chequer.io     | Business    | TRUE |
| 437  | Johna       | Frendel     | Johna@chequer.io       | Business    | TRUE |
| 438  | Teriann     | Marisa      | Teriann@chequer.io     | Development | TRUE |
| 439  | Britni      | Stoller     | Britni@chequer.io      | Business    | TRUE |
| 440  | Katharina   | Gert        | Katharina@chequer.io   | Business    | TRUE |
| 441  | Melina      | Heidt       | Melina@chequer.io      | H/R         | TRUE |
| 442  | Marcy       | Ruvolo      | Marcy@chequer.io       | Development | TRUE |
| 443  | Camile      | Bouchard    | Camile@chequer.io      | Business    | TRUE |
| 444  | June        | Belldas     | June@chequer.io        | Development | TRUE |
| 445  | Shaine      | Edvard      | Shaine@chequer.io      | Sales       | TRUE |
| 446  | Shaylyn     | Zamora      | Shaylyn@chequer.io     | Financial   | TRUE |
| 447  | Adele       | Phaidra     | Adele@chequer.io       | Development | TRUE |
| 448  | Shell       | Seumas      | Shell@chequer.io       | Sales       | TRUE |
| 449  | Susette     | Florina     | Susette@chequer.io     | H/R         | TRUE |
| 450  | Hayley      | Arquit      | Hayley@chequer.io      | Financial   | TRUE |
| 451  | Roseline    | Mata        | Roseline@chequer.io    | Development | TRUE |
| 452  | Nadine      | Gaspard     | Nadine@chequer.io      | Financial   | TRUE |
| 453  | Annabela    | Gaynor      | Annabela@chequer.io    | H/R         | TRUE |
| 454  | Malina      | Wyn         | Malina@chequer.io      | Financial   | TRUE |
| 455  | Jan         | Ellerey     | Jan@chequer.io         | H/R         | TRUE |
| 456  | Esmeralda   | Sheedy      | Esmeralda@chequer.io   | H/R         | TRUE |
| 457  | Gabi        | Erminia     | Gabi@chequer.io        | Sales       | TRUE |
| 458  | Cherilyn    | Bearnard    | Cherilyn@chequer.io    | Financial   | TRUE |
| 459  | Sophia      | Vacuva      | Sophia@chequer.io      | Financial   | TRUE |
| 460  | Andeee      | Nester      | Andeee@chequer.io      | Financial   | TRUE |
| 461  | Jaime       | Tannie      | Jaime@chequer.io       | Financial   | TRUE |
| 462  | Kelly       | Stefa       | Kelly@chequer.io       | QA          | TRUE |
| 463  | Tera        | Anis        | Tera@chequer.io        | Business    | TRUE |
| 464  | Ernesta     | Doig        | Ernesta@chequer.io     | Development | TRUE |
| 465  | Ivett       | Brittani    | Ivett@chequer.io       | Business    | TRUE |
| 466  | Caryl       | Wind        | Caryl@chequer.io       | Sales       | TRUE |
| 467  | Adriana     | Sadowski    | Adriana@chequer.io     | Business    | TRUE |
| 468  | Roberta     | Bandeen     | Roberta@chequer.io     | H/R         | TRUE |
| 469  | Darlleen    | Belanger    | Darlleen@chequer.io    | QA          | TRUE |
| 470  | Jordan      | Hillel      | Jordan@chequer.io      | H/R         | TRUE |
| 471  | Christy     | Marisa      | Christy@chequer.io     | H/R         | TRUE |
| 472  | Amalie      | Hanshaw     | Amalie@chequer.io      | Financial   | TRUE |
| 473  | Barbi       | Kenwood     | Barbi@chequer.io       | Sales       | TRUE |
| 474  | Beatriz     | Lucienne    | Beatriz@chequer.io     | Sales       | TRUE |
| 475  | Kerrin      | Leler       | Kerrin@chequer.io      | H/R         | TRUE |
| 476  | Meghann     | Sheng       | Meghann@chequer.io     | QA          | TRUE |
| 477  | Korrie      | Sasnett     | Korrie@chequer.io      | Sales       | TRUE |
| 478  | Ketti       | Leonard     | Ketti@chequer.io       | Financial   | TRUE |
| 479  | Calla       | Dorine      | Calla@chequer.io       | Development | TRUE |
| 480  | Kimberley   | Dex         | Kimberley@chequer.io   | Sales       | TRUE |
| 481  | Deirdre     | Monaco      | Deirdre@chequer.io     | QA          | TRUE |
| 482  | Dulce       | Franza      | Dulce@chequer.io       | QA          | TRUE |
| 483  | Jordan      | Leonard     | Jordan@chequer.io      | H/R         | TRUE |
| 484  | Di          | LaRue       | Di@chequer.io          | Development | TRUE |
| 485  | Kylynn      | Blisse      | Kylynn@chequer.io      | Business    | TRUE |
| 486  | Philis      | Edee        | Philis@chequer.io      | QA          | TRUE |
| 487  | Dennie      | Reidar      | Dennie@chequer.io      | Financial   | TRUE |
| 488  | Verla       | Natica      | Verla@chequer.io       | H/R         | TRUE |
| 489  | Carilyn     | Tufts       | Carilyn@chequer.io     | QA          | TRUE |
| 490  | Kate        | Chrystel    | Kate@chequer.io        | QA          | TRUE |
| 491  | Annice      | Iphlgenia   | Annice@chequer.io      | Financial   | TRUE |
| 492  | Mallory     | Salvidor    | Mallory@chequer.io     | Financial   | TRUE |
| 493  | Melanie     | Charmine    | Melanie@chequer.io     | H/R         | TRUE |
| 494  | Marcelline  | Ramona      | Marcelline@chequer.io  | QA          | TRUE |
| 495  | Coral       | Grobe       | Coral@chequer.io       | H/R         | TRUE |
| 496  | Julieta     | Nester      | Julieta@chequer.io     | Financial   | TRUE |
| 497  | Lucille     | Lemuela     | Lucille@chequer.io     | Business    | TRUE |
| 498  | Chandra     | Loleta      | Chandra@chequer.io     | QA          | TRUE |
| 499  | Charlena    | Drisko      | Charlena@chequer.io    | Sales       | TRUE |
| 500  | Susette     | Stover      | Susette@chequer.io     | Financial   | TRUE |
| 501  | Jany        | Kare        | Jany@chequer.io        | Sales       | TRUE |
| 502  | Valli       | Granoff     | Valli@chequer.io       | Development | TRUE |
| 503  | Monika      | Noam        | Monika@chequer.io      | H/R         | TRUE |
| 504  | Elvira      | Sikorski    | Elvira@chequer.io      | Business    | TRUE |
| 505  | Catrina     | Wenoa       | Catrina@chequer.io     | Sales       | TRUE |
| 506  | Addia       | Loleta      | Addia@chequer.io       | Sales       | TRUE |
| 507  | Viki        | Rogerio     | Viki@chequer.io        | Sales       | TRUE |
| 508  | Claresta    | Yuille      | Claresta@chequer.io    | H/R         | TRUE |
| 509  | Rubie       | Madelene    | Rubie@chequer.io       | QA          | TRUE |
| 510  | Antonietta  | Eben        | Antonietta@chequer.io  | Development | TRUE |
| 511  | Violet      | Tufts       | Violet@chequer.io      | H/R         | TRUE |
| 512  | Charlena    | Aloise      | Charlena@chequer.io    | Development | TRUE |
| 513  | Cassondra   | Cornelia    | Cassondra@chequer.io   | Sales       | TRUE |
| 514  | Reeba       | Odell       | Reeba@chequer.io       | Sales       | TRUE |
| 515  | Justinn     | Natalia     | Justinn@chequer.io     | Development | TRUE |
| 516  | Calla       | Shaver      | Calla@chequer.io       | Financial   | TRUE |
| 517  | Marjie      | Earlie      | Marjie@chequer.io      | Sales       | TRUE |
| 518  | Tobe        | Gunn        | Tobe@chequer.io        | Financial   | TRUE |
| 519  | Rosabelle   | Ogren       | Rosabelle@chequer.io   | H/R         | TRUE |
| 520  | Collen      | Kat         | Collen@chequer.io      | H/R         | TRUE |
| 521  | Cyb         | Dichy       | Cyb@chequer.io         | Sales       | TRUE |
| 522  | Almeta      | Montgomery  | Almeta@chequer.io      | Business    | TRUE |
| 523  | Clarice     | Beebe       | Clarice@chequer.io     | QA          | TRUE |
| 524  | Mignon      | Ehrman      | Mignon@chequer.io      | Financial   | TRUE |
| 525  | Ninnetta    | Scammon     | Ninnetta@chequer.io    | Financial   | TRUE |
| 526  | Marti       | Burkle      | Marti@chequer.io       | QA          | TRUE |
| 527  | Rhea        | Cosenza     | Rhea@chequer.io        | QA          | TRUE |
| 528  | Charlena    | Stav        | Charlena@chequer.io    | Development | TRUE |
| 529  | Elie        | Carleen     | Elie@chequer.io        | Development | TRUE |
| 530  | Netty       | Rillings    | Netty@chequer.io       | Financial   | TRUE |
| 531  | Kara-Lynn   | Lesley      | Kara-Lynn@chequer.io   | Financial   | TRUE |
| 532  | Vonny       | Gerge       | Vonny@chequer.io       | Development | TRUE |
| 533  | Thalia      | Estella     | Thalia@chequer.io      | Financial   | TRUE |
| 534  | Shauna      | Munn        | Shauna@chequer.io      | H/R         | TRUE |
| 535  | Demetris    | Lail        | Demetris@chequer.io    | Development | TRUE |
| 536  | Elie        | Maisey      | Elie@chequer.io        | Financial   | TRUE |
| 537  | Tracey      | Saint       | Tracey@chequer.io      | H/R         | TRUE |
| 538  | Mallory     | Fancie      | Mallory@chequer.io     | H/R         | TRUE |
| 539  | Melisent    | Dunkin      | Melisent@chequer.io    | Development | TRUE |
| 540  | Gerrie      | Devlen      | Gerrie@chequer.io      | Business    | TRUE |
| 541  | Mathilda    | Kathie      | Mathilda@chequer.io    | QA          | TRUE |
| 542  | Jeanna      | Diann       | Jeanna@chequer.io      | Business    | TRUE |
| 543  | Eugine      | Konyn       | Eugine@chequer.io      | Financial   | TRUE |
| 544  | Codie       | Krystle     | Codie@chequer.io       | Sales       | TRUE |
| 545  | Nicoli      | Alarise     | Nicoli@chequer.io      | Financial   | TRUE |
| 546  | Valeda      | Parsaye     | Valeda@chequer.io      | Financial   | TRUE |
| 547  | Basia       | Naor        | Basia@chequer.io       | H/R         | TRUE |
| 548  | Queenie     | Gordon      | Queenie@chequer.io     | Sales       | TRUE |
| 549  | Yetty       | Gordon      | Yetty@chequer.io       | QA          | TRUE |
| 550  | Nadine      | Brandice    | Nadine@chequer.io      | Financial   | TRUE |
| 551  | Nita        | Yuille      | Nita@chequer.io        | QA          | TRUE |
| 552  | Elie        | Kaete       | Elie@chequer.io        | Sales       | TRUE |
| 553  | Sherrie     | Donoghue    | Sherrie@chequer.io     | Development | TRUE |
| 554  | Merci       | Sacken      | Merci@chequer.io       | Development | TRUE |
| 555  | Betta       | Ahab        | Betta@chequer.io       | Sales       | TRUE |
| 556  | Margalo     | Capello     | Margalo@chequer.io     | Sales       | TRUE |
| 557  | Daryl       | Ammann      | Daryl@chequer.io       | H/R         | TRUE |
| 558  | Silvana     | Krystle     | Silvana@chequer.io     | Business    | TRUE |
| 559  | Joane       | Neils       | Joane@chequer.io       | Development | TRUE |
| 560  | Gusella     | Francene    | Gusella@chequer.io     | Financial   | TRUE |
| 561  | Tybie       | Saint       | Tybie@chequer.io       | H/R         | TRUE |
| 562  | Felice      | Japeth      | Felice@chequer.io      | QA          | TRUE |
| 563  | Georgina    | Ietta       | Georgina@chequer.io    | Financial   | TRUE |
| 564  | Madeleine   | Amethist    | Madeleine@chequer.io   | Development | TRUE |
| 565  | Marguerite  | Travax      | Marguerite@chequer.io  | H/R         | TRUE |
| 566  | Nyssa       | Evvie       | Nyssa@chequer.io       | QA          | TRUE |
| 567  | Kittie      | Oster       | Kittie@chequer.io      | Financial   | TRUE |
| 568  | Leontine    | Leopold     | Leontine@chequer.io    | H/R         | TRUE |
| 569  | Arlena      | Pond        | Arlena@chequer.io      | H/R         | TRUE |
| 570  | Eadie       | Halla       | Eadie@chequer.io       | Development | TRUE |
| 571  | Abbie       | Pyle        | Abbie@chequer.io       | Business    | TRUE |
| 572  | Romona      | Zina        | Romona@chequer.io      | Development | TRUE |
| 573  | Natka       | Nunci       | Natka@chequer.io       | H/R         | TRUE |
| 574  | Gisela      | Kelula      | Gisela@chequer.io      | QA          | TRUE |
| 575  | Lory        | Yerkovich   | Lory@chequer.io        | QA          | TRUE |
| 576  | Alisha      | Linskey     | Alisha@chequer.io      | QA          | TRUE |
| 577  | Kathy       | Capello     | Kathy@chequer.io       | Business    | TRUE |
| 578  | Tatiania    | Tiffa       | Tatiania@chequer.io    | Sales       | TRUE |
| 579  | Miquela     | Lumbard     | Miquela@chequer.io     | Sales       | TRUE |
| 580  | Donnie      | Chrystel    | Donnie@chequer.io      | Sales       | TRUE |
| 581  | Sherrie     | Obed        | Sherrie@chequer.io     | H/R         | TRUE |
| 582  | Chloris     | Pascia      | Chloris@chequer.io     | Sales       | TRUE |
| 583  | Bill        | Sallyann    | Bill@chequer.io        | H/R         | TRUE |
| 584  | Hallie      | Torray      | Hallie@chequer.io      | Sales       | TRUE |
| 585  | Ernesta     | Roscoe      | Ernesta@chequer.io     | Sales       | TRUE |
| 586  | Rosene      | Weinreb     | Rosene@chequer.io      | QA          | TRUE |
| 587  | Katleen     | Leary       | Katleen@chequer.io     | H/R         | TRUE |
| 588  | Betta       | Pozzy       | Betta@chequer.io       | Business    | TRUE |
| 589  | Minda       | Grosz       | Minda@chequer.io       | QA          | TRUE |
| 590  | Jorry       | Autrey      | Jorry@chequer.io       | Sales       | TRUE |
| 591  | Carree      | Fairweather | Carree@chequer.io      | Development | TRUE |
| 592  | Jemie       | Norvol      | Jemie@chequer.io       | H/R         | TRUE |
| 593  | Caritta     | Cynar       | Caritta@chequer.io     | Financial   | TRUE |
| 594  | Peri        | Bonilla     | Peri@chequer.io        | Development | TRUE |
| 595  | Mathilda    | Nunci       | Mathilda@chequer.io    | Development | TRUE |
| 596  | Gerrie      | Johanna     | Gerrie@chequer.io      | QA          | TRUE |
| 597  | Berta       | Creamer     | Berta@chequer.io       | Business    | TRUE |
| 598  | Allis       | Seligman    | Allis@chequer.io       | Business    | TRUE |
| 599  | Tilly       | Felizio     | Tilly@chequer.io       | QA          | TRUE |
| 600  | Hope        | Secrest     | Hope@chequer.io        | Sales       | TRUE |
| 601  | Anica       | Wind        | Anica@chequer.io       | Sales       | TRUE |
| 602  | Eadie       | Kazimir     | Eadie@chequer.io       | QA          | TRUE |
| 603  | Annecorinne | Nedrud      | Annecorinne@chequer.io | Sales       | TRUE |
| 604  | Eugine      | Seligman    | Eugine@chequer.io      | Development | TRUE |
| 605  | Kalina      | Roche       | Kalina@chequer.io      | Development | TRUE |
| 606  | Albertina   | Granoff     | Albertina@chequer.io   | QA          | TRUE |
| 607  | Willetta    | Ellerey     | Willetta@chequer.io    | H/R         | TRUE |
| 608  | Augustine   | Lea         | Augustine@chequer.io   | Financial   | TRUE |
| 609  | Jennica     | Chesna      | Jennica@chequer.io     | H/R         | TRUE |
| 610  | Gwenneth    | Manolo      | Gwenneth@chequer.io    | QA          | TRUE |
| 611  | Fred        | Neils       | Fred@chequer.io        | Financial   | TRUE |
| 612  | Magdalena   | Penelopa    | Magdalena@chequer.io   | Business    | TRUE |
| 613  | Eadie       | Girardo     | Eadie@chequer.io       | H/R         | TRUE |
| 614  | Beatriz     | Solitta     | Beatriz@chequer.io     | Development | TRUE |
| 615  | Taffy       | Lilas       | Taffy@chequer.io       | Business    | TRUE |
| 616  | Theodora    | Melony      | Theodora@chequer.io    | H/R         | TRUE |
| 617  | Hermione    | Dash        | Hermione@chequer.io    | QA          | TRUE |
| 618  | Marinna     | Hillel      | Marinna@chequer.io     | H/R         | TRUE |
| 619  | Stevana     | Urias       | Stevana@chequer.io     | QA          | TRUE |
| 620  | Alexine     | Sundin      | Alexine@chequer.io     | Sales       | TRUE |
| 621  | Brianna     | Oster       | Brianna@chequer.io     | Development | TRUE |
| 622  | Elyssa      | Ailyn       | Elyssa@chequer.io      | Sales       | TRUE |
| 623  | Winifred    | Garrison    | Winifred@chequer.io    | QA          | TRUE |
| 624  | Natka       | Roche       | Natka@chequer.io       | Sales       | TRUE |
| 625  | Susette     | Noman       | Susette@chequer.io     | Development | TRUE |
| 626  | Kassey      | Peg         | Kassey@chequer.io      | Sales       | TRUE |
| 627  | Nerta       | Quinn       | Nerta@chequer.io       | QA          | TRUE |
| 628  | Viki        | Carleen     | Viki@chequer.io        | Financial   | TRUE |
| 629  | Lory        | Riordan     | Lory@chequer.io        | Business    | TRUE |
| 630  | Deloria     | Nickola     | Deloria@chequer.io     | QA          | TRUE |
| 631  | Janenna     | Alva        | Janenna@chequer.io     | Development | TRUE |
| 632  | Karolina    | August      | Karolina@chequer.io    | Development | TRUE |
| 633  | Aili        | Katrine     | Aili@chequer.io        | Development | TRUE |
| 634  | Carilyn     | Seligman    | Carilyn@chequer.io     | H/R         | TRUE |
| 635  | Moyna       | Tristram    | Moyna@chequer.io       | Financial   | TRUE |
| 636  | Alia        | Shirberg    | Alia@chequer.io        | Sales       | TRUE |
| 637  | Starla      | Bibi        | Starla@chequer.io      | QA          | TRUE |
| 638  | Imojean     | Mendez      | Imojean@chequer.io     | QA          | TRUE |
| 639  | Olwen       | Pelagias    | Olwen@chequer.io       | Financial   | TRUE |
| 640  | Cam         | Grobe       | Cam@chequer.io         | Business    | TRUE |
| 641  | Janey       | Cloris      | Janey@chequer.io       | QA          | TRUE |
| 642  | Silvana     | Carleen     | Silvana@chequer.io     | H/R         | TRUE |
| 643  | Gianina     | Bouchard    | Gianina@chequer.io     | Development | TRUE |
| 644  | Viviene     | Abernon     | Viviene@chequer.io     | Business    | TRUE |
| 645  | Katharina   | Paine       | Katharina@chequer.io   | Development | TRUE |
| 646  | Brena       | Lunsford    | Brena@chequer.io       | H/R         | TRUE |
| 647  | Dawn        | Malanie     | Dawn@chequer.io        | Business    | TRUE |
| 648  | Hope        | Pandolfi    | Hope@chequer.io        | QA          | TRUE |
| 649  | Ruthe       | Tayib       | Ruthe@chequer.io       | QA          | TRUE |
| 650  | Jenilee     | Ingra       | Jenilee@chequer.io     | H/R         | TRUE |
| 651  | Carilyn     | Himelman    | Carilyn@chequer.io     | QA          | TRUE |
| 652  | Edith       | Denis       | Edith@chequer.io       | Financial   | TRUE |
| 653  | Starla      | Jary        | Starla@chequer.io      | Development | TRUE |
| 654  | Dania       | Destinee    | Dania@chequer.io       | QA          | TRUE |
| 655  | Noelle      | Cookie      | Noelle@chequer.io      | H/R         | TRUE |
| 656  | Dorene      | Raimondo    | Dorene@chequer.io      | Development | TRUE |
| 657  | Kary        | Jobi        | Kary@chequer.io        | Financial   | TRUE |
| 658  | Danny       | Peti        | Danny@chequer.io       | Financial   | TRUE |
| 659  | Cissiee     | Felizio     | Cissiee@chequer.io     | Sales       | TRUE |
| 660  | Elyssa      | Chesna      | Elyssa@chequer.io      | Financial   | TRUE |
| 661  | Basia       | Blisse      | Basia@chequer.io       | Financial   | TRUE |
| 662  | Chrystel    | Thornburg   | Chrystel@chequer.io    | QA          | TRUE |
| 663  | Arabel      | Chabot      | Arabel@chequer.io      | Development | TRUE |
| 664  | Genovera    | Havens      | Genovera@chequer.io    | QA          | TRUE |
| 665  | Sharlene    | Marlie      | Sharlene@chequer.io    | Development | TRUE |
| 666  | Reeba       | Milson      | Reeba@chequer.io       | Financial   | TRUE |
| 667  | Florie      | Natalia     | Florie@chequer.io      | Development | TRUE |
| 668  | Lila        | Adamsen     | Lila@chequer.io        | Business    | TRUE |
| 669  | Lenna       | Lea         | Lenna@chequer.io       | Development | TRUE |
| 670  | Jasmina     | Susannah    | Jasmina@chequer.io     | Development | TRUE |
| 671  | Kassey      | Blake       | Kassey@chequer.io      | QA          | TRUE |
| 672  | Kirbee      | Rhu         | Kirbee@chequer.io      | Development | TRUE |
| 673  | Dennie      | Eiser       | Dennie@chequer.io      | Sales       | TRUE |
| 674  | Jobi        | Presber     | Jobi@chequer.io        | Sales       | TRUE |
| 675  | Micheline   | Prober      | Micheline@chequer.io   | Business    | TRUE |
| 676  | Danika      | Casimir     | Danika@chequer.io      | Development | TRUE |
| 677  | Nicoli      | Killigrew   | Nicoli@chequer.io      | QA          | TRUE |
| 678  | Wileen      | Garlinda    | Wileen@chequer.io      | QA          | TRUE |
| 679  | Ernesta     | Cottle      | Ernesta@chequer.io     | H/R         | TRUE |
| 680  | Lesly       | Nikaniki    | Lesly@chequer.io       | Development | TRUE |
| 681  | Rosene      | Erb         | Rosene@chequer.io      | QA          | TRUE |
| 682  | Clary       | Alwin       | Clary@chequer.io       | Development | TRUE |
| 683  | Tracey      | Maribeth    | Tracey@chequer.io      | Development | TRUE |
| 684  | Donetta     | Lattie      | Donetta@chequer.io     | H/R         | TRUE |
| 685  | Desirae     | Jary        | Desirae@chequer.io     | H/R         | TRUE |
| 686  | Sindee      | Kaja        | Sindee@chequer.io      | QA          | TRUE |
| 687  | Elena       | Berriman    | Elena@chequer.io       | H/R         | TRUE |
| 688  | Gianina     | Connelly    | Gianina@chequer.io     | Development | TRUE |
| 689  | Ericka      | Edmund      | Ericka@chequer.io      | Development | TRUE |
| 690  | Helsa       | Burch       | Helsa@chequer.io       | QA          | TRUE |
| 691  | Frieda      | Orelee      | Frieda@chequer.io      | H/R         | TRUE |
| 692  | Halette     | Bohlin      | Halette@chequer.io     | QA          | TRUE |
| 693  | Jaime       | Bearnard    | Jaime@chequer.io       | QA          | TRUE |
| 694  | Merry       | Aida        | Merry@chequer.io       | Sales       | TRUE |
| 695  | Marita      | Janith      | Marita@chequer.io      | Financial   | TRUE |
| 696  | Doralynne   | Prouty      | Doralynne@chequer.io   | H/R         | TRUE |
| 697  | Zia         | Chinua      | Zia@chequer.io         | Sales       | TRUE |
| 698  | Daune       | Anton       | Daune@chequer.io       | QA          | TRUE |
| 699  | Mallory     | Harriman    | Mallory@chequer.io     | Sales       | TRUE |
| 700  | Ardenia     | Atonsah     | Ardenia@chequer.io     | QA          | TRUE |
| 701  | Debee       | Sophronia   | Debee@chequer.io       | Development | TRUE |
| 702  | Emylee      | Kamaria     | Emylee@chequer.io      | Sales       | TRUE |
| 703  | Esmeralda   | Bury        | Esmeralda@chequer.io   | H/R         | TRUE |
| 704  | Harmonia    | Kenwood     | Harmonia@chequer.io    | Development | TRUE |
| 705  | Tiffie      | Edee        | Tiffie@chequer.io      | QA          | TRUE |
| 706  | Katleen     | Faria       | Katleen@chequer.io     | H/R         | TRUE |
| 707  | Sheree      | Rocray      | Sheree@chequer.io      | QA          | TRUE |
| 708  | Deirdre     | Peonir      | Deirdre@chequer.io     | H/R         | TRUE |
| 709  | Clementine  | Crudden     | Clementine@chequer.io  | Financial   | TRUE |
| 710  | Cyb         | Ricarda     | Cyb@chequer.io         | Business    | TRUE |
| 711  | Lorie       | Melleta     | Lorie@chequer.io       | Financial   | TRUE |
| 712  | Kimmy       | Vacuva      | Kimmy@chequer.io       | Financial   | TRUE |
| 713  | Christy     | Huggins     | Christy@chequer.io     | Sales       | TRUE |
| 714  | Dorthy      | Stelle      | Dorthy@chequer.io      | QA          | TRUE |
| 715  | Averyl      | Wittie      | Averyl@chequer.io      | H/R         | TRUE |
| 716  | Kellen      | August      | Kellen@chequer.io      | Development | TRUE |
| 717  | Rani        | Neils       | Rani@chequer.io        | Financial   | TRUE |
| 718  | Charissa    | Kenney      | Charissa@chequer.io    | Business    | TRUE |
| 719  | Elora       | Seumas      | Elora@chequer.io       | Sales       | TRUE |
| 720  | Lorne       | Pettiford   | Lorne@chequer.io       | H/R         | TRUE |
| 721  | Shaine      | Morgun      | Shaine@chequer.io      | Business    | TRUE |
| 722  | Yetty       | Pandolfi    | Yetty@chequer.io       | Sales       | TRUE |
| 723  | Danika      | Cosenza     | Danika@chequer.io      | Financial   | TRUE |
| 724  | Dianemarie  | Parsaye     | Dianemarie@chequer.io  | Financial   | TRUE |
| 725  | Cindelyn    | Hachmin     | Cindelyn@chequer.io    | H/R         | TRUE |
| 726  | Karlee      | Wiener      | Karlee@chequer.io      | Development | TRUE |
| 727  | Karolina    | Amadas      | Karolina@chequer.io    | H/R         | TRUE |
| 728  | Alyda       | Elo         | Alyda@chequer.io       | QA          | TRUE |
| 729  | Tera        | Sisile      | Tera@chequer.io        | Development | TRUE |
| 730  | Hettie      | Boehike     | Hettie@chequer.io      | QA          | TRUE |
| 731  | Madeleine   | Narton      | Madeleine@chequer.io   | QA          | TRUE |
| 732  | Paulita     | Screens     | Paulita@chequer.io     | H/R         | TRUE |
| 733  | Emilia      | Tillford    | Emilia@chequer.io      | Development | TRUE |
| 734  | Caryl       | Moseley     | Caryl@chequer.io       | QA          | TRUE |
| 735  | Tonia       | Trace       | Tonia@chequer.io       | Business    | TRUE |
| 736  | Charmaine   | Plato       | Charmaine@chequer.io   | H/R         | TRUE |
| 737  | Letizia     | Ciro        | Letizia@chequer.io     | QA          | TRUE |
| 738  | Albertina   | Giff        | Albertina@chequer.io   | QA          | TRUE |
| 739  | Almeta      | Marlie      | Almeta@chequer.io      | Business    | TRUE |
| 740  | Tatiania    | Roche       | Tatiania@chequer.io    | Financial   | TRUE |
| 741  | Dorene      | Fontana     | Dorene@chequer.io      | QA          | TRUE |
| 742  | Ellette     | Whiffen     | Ellette@chequer.io     | Business    | TRUE |
| 743  | Trudie      | Ivens       | Trudie@chequer.io      | Financial   | TRUE |
| 744  | Brana       | O'Carroll   | Brana@chequer.io       | Financial   | TRUE |
| 745  | Marguerite  | Cleavland   | Marguerite@chequer.io  | Financial   | TRUE |
| 746  | Kaia        | Glovsky     | Kaia@chequer.io        | Business    | TRUE |
| 747  | Rhea        | Bartlett    | Rhea@chequer.io        | H/R         | TRUE |
| 748  | Lila        | Danby       | Lila@chequer.io        | Financial   | TRUE |
| 749  | Eugine      | Wenoa       | Eugine@chequer.io      | H/R         | TRUE |
| 750  | Elka        | Hutchison   | Elka@chequer.io        | Sales       | TRUE |
| 751  | Orsola      | Lymann      | Orsola@chequer.io      | QA          | TRUE |
| 752  | Dulce       | Artie       | Dulce@chequer.io       | Business    | TRUE |
| 753  | Millie      | Infield     | Millie@chequer.io      | H/R         | TRUE |
| 754  | Sadie       | Christal    | Sadie@chequer.io       | Sales       | TRUE |
| 755  | Calla       | Nore        | Calla@chequer.io       | H/R         | TRUE |
| 756  | Sarette     | Dowski      | Sarette@chequer.io     | Financial   | TRUE |
| 757  | Gilda       | Tufts       | Gilda@chequer.io       | Sales       | TRUE |
| 758  | Maud        | Rillings    | Maud@chequer.io        | Development | TRUE |
| 759  | Harmonia    | Nerita      | Harmonia@chequer.io    | Sales       | TRUE |
| 760  | Caritta     | Stuart      | Caritta@chequer.io     | H/R         | TRUE |
| 761  | Ethel       | Pip         | Ethel@chequer.io       | H/R         | TRUE |
| 762  | Sara-Ann    | Poll        | Sara-Ann@chequer.io    | Sales       | TRUE |
| 763  | Cyndie      | Ellerey     | Cyndie@chequer.io      | H/R         | TRUE |
| 764  | Fina        | Azeria      | Fina@chequer.io        | Financial   | TRUE |
| 765  | Penelopa    | Fiann       | Penelopa@chequer.io    | Sales       | TRUE |
| 766  | Keelia      | Kosey       | Keelia@chequer.io      | QA          | TRUE |
| 767  | Kassey      | Iiette      | Kassey@chequer.io      | Sales       | TRUE |
| 768  | Raf         | Lubin       | Raf@chequer.io         | QA          | TRUE |
| 769  | Audrie      | Carolin     | Audrie@chequer.io      | H/R         | TRUE |
| 770  | Dolli       | Orpah       | Dolli@chequer.io       | Financial   | TRUE |
| 771  | Dorene      | Charmine    | Dorene@chequer.io      | Financial   | TRUE |
| 772  | Mariele     | Verger      | Mariele@chequer.io     | H/R         | TRUE |
| 773  | Darlleen    | Ferino      | Darlleen@chequer.io    | Financial   | TRUE |
| 774  | Katharina   | Fillbert    | Katharina@chequer.io   | Business    | TRUE |
| 775  | Di          | Elbertina   | Di@chequer.io          | Business    | TRUE |
| 776  | Kayla       | Bertold     | Kayla@chequer.io       | Sales       | TRUE |
| 777  | Pamella     | Elbertina   | Pamella@chequer.io     | Business    | TRUE |
| 778  | Margalo     | Thema       | Margalo@chequer.io     | Business    | TRUE |
| 779  | Cathie      | Jerald      | Cathie@chequer.io      | Financial   | TRUE |
| 780  | Nessie      | Garek       | Nessie@chequer.io      | Financial   | TRUE |
| 781  | Roxane      | Imelida     | Roxane@chequer.io      | Sales       | TRUE |
| 782  | Emylee      | Narton      | Emylee@chequer.io      | H/R         | TRUE |
| 783  | Cyndie      | Raychel     | Cyndie@chequer.io      | Financial   | TRUE |
| 784  | Priscilla   | Bettine     | Priscilla@chequer.io   | Financial   | TRUE |
| 785  | Vinita      | Sancho      | Vinita@chequer.io      | QA          | TRUE |
| 786  | Alameda     | Gualtiero   | Alameda@chequer.io     | Financial   | TRUE |
| 787  | Minda       | Simmonds    | Minda@chequer.io       | Business    | TRUE |
| 788  | Mariann     | Hutchison   | Mariann@chequer.io     | H/R         | TRUE |
| 789  | Annora      | Egbert      | Annora@chequer.io      | Sales       | TRUE |
| 790  | Morganica   | Lattie      | Morganica@chequer.io   | Development | TRUE |
| 791  | Fina        | Leifeste    | Fina@chequer.io        | QA          | TRUE |
| 792  | Kial        | Orlene      | Kial@chequer.io        | H/R         | TRUE |
| 793  | Fanchon     | Corilla     | Fanchon@chequer.io     | Sales       | TRUE |
| 794  | Noelle      | Dex         | Noelle@chequer.io      | Business    | TRUE |
| 795  | Ofilia      | Faust       | Ofilia@chequer.io      | Business    | TRUE |
| 796  | Ottilie     | Carvey      | Ottilie@chequer.io     | H/R         | TRUE |
| 797  | Konstance   | Dominy      | Konstance@chequer.io   | Development | TRUE |
| 798  | Tabbatha    | Bryna       | Tabbatha@chequer.io    | Development | TRUE |
| 799  | Babita      | Hamil       | Babita@chequer.io      | Sales       | TRUE |
| 800  | Dotty       | Lucienne    | Dotty@chequer.io       | Business    | TRUE |
| 801  | Tatiania    | Plato       | Tatiania@chequer.io    | Development | TRUE |
| 802  | Shauna      | Croix       | Shauna@chequer.io      | Development | TRUE |
| 803  | Raf         | Cordi       | Raf@chequer.io         | Financial   | TRUE |
| 804  | Nariko      | Curren      | Nariko@chequer.io      | Business    | TRUE |
| 805  | Yvonne      | Raama       | Yvonne@chequer.io      | H/R         | TRUE |
| 806  | Doro        | Carvey      | Doro@chequer.io        | Sales       | TRUE |
| 807  | Heddie      | Noman       | Heddie@chequer.io      | Sales       | TRUE |
| 808  | Brietta     | Maxi        | Brietta@chequer.io     | Financial   | TRUE |
| 809  | Fernande    | Berriman    | Fernande@chequer.io    | Business    | TRUE |
| 810  | Marti       | Drus        | Marti@chequer.io       | Development | TRUE |
| 811  | Hyacinthe   | Latini      | Hyacinthe@chequer.io   | Sales       | TRUE |
| 812  | Jan         | Sancho      | Jan@chequer.io         | Financial   | TRUE |
| 813  | Sheree      | Wooster     | Sheree@chequer.io      | H/R         | TRUE |
| 814  | Eadie       | Bates       | Eadie@chequer.io       | Business    | TRUE |
| 815  | Nadine      | Ezar        | Nadine@chequer.io      | Financial   | TRUE |
| 816  | Consuela    | Suzetta     | Consuela@chequer.io    | Development | TRUE |
| 817  | Halette     | Fax         | Halette@chequer.io     | H/R         | TRUE |
| 818  | Ileana      | Amand       | Ileana@chequer.io      | Financial   | TRUE |
| 819  | Hayley      | Gibbeon     | Hayley@chequer.io      | Business    | TRUE |
| 820  | Cassondra   | Posner      | Cassondra@chequer.io   | Sales       | TRUE |
| 821  | Maryellen   | Rad         | Maryellen@chequer.io   | Development | TRUE |
| 822  | Ivett       | Zachary     | Ivett@chequer.io       | Financial   | TRUE |
| 823  | Petronia    | Elo         | Petronia@chequer.io    | H/R         | TRUE |
| 824  | Deane       | Thar        | Deane@chequer.io       | QA          | TRUE |
| 825  | Sonni       | Wolfgram    | Sonni@chequer.io       | QA          | TRUE |
| 826  | Correy      | Colyer      | Correy@chequer.io      | Development | TRUE |
| 827  | Lynde       | Howlyn      | Lynde@chequer.io       | Development | TRUE |
| 828  | Nickie      | Chabot      | Nickie@chequer.io      | Business    | TRUE |
| 829  | Drucie      | Clarissa    | Drucie@chequer.io      | Business    | TRUE |
| 830  | Althea      | Ochs        | Althea@chequer.io      | Development | TRUE |
| 831  | Ardenia     | Fabiola     | Ardenia@chequer.io     | Financial   | TRUE |
| 832  | Aryn        | Saint       | Aryn@chequer.io        | Sales       | TRUE |
| 833  | Cissiee     | Brodench    | Cissiee@chequer.io     | H/R         | TRUE |
| 834  | Jerry       | Roxanna     | Jerry@chequer.io       | QA          | TRUE |
| 835  | Allis       | Cristi      | Allis@chequer.io       | Financial   | TRUE |
| 836  | Danika      | Macey       | Danika@chequer.io      | Business    | TRUE |
| 837  | Lauryn      | Carlson     | Lauryn@chequer.io      | Financial   | TRUE |
| 838  | Ileana      | Earlie      | Ileana@chequer.io      | Development | TRUE |
| 839  | Pearline    | Dom         | Pearline@chequer.io    | QA          | TRUE |
| 840  | Eadie       | Silvan      | Eadie@chequer.io       | H/R         | TRUE |
| 841  | Sabina      | Wildermuth  | Sabina@chequer.io      | QA          | TRUE |
| 842  | Briney      | Eliathas    | Briney@chequer.io      | Business    | TRUE |
| 843  | Marcy       | Sholley     | Marcy@chequer.io       | Sales       | TRUE |
| 844  | Emmey       | Karl        | Emmey@chequer.io       | Business    | TRUE |
| 845  | Arabel      | Stefa       | Arabel@chequer.io      | Sales       | TRUE |
| 846  | Josephine   | Lutero      | Josephine@chequer.io   | Business    | TRUE |
| 847  | Hope        | Wandie      | Hope@chequer.io        | Development | TRUE |
| 848  | Paola       | Tarrant     | Paola@chequer.io       | QA          | TRUE |
| 849  | Bobbi       | Weaks       | Bobbi@chequer.io       | QA          | TRUE |
| 850  | Chandra     | Phi         | Chandra@chequer.io     | H/R         | TRUE |
| 851  | Jorry       | Annabella   | Jorry@chequer.io       | Sales       | TRUE |
| 852  | Lacie       | Braun       | Lacie@chequer.io       | Business    | TRUE |
| 853  | Keelia      | Anis        | Keelia@chequer.io      | QA          | TRUE |
| 854  | Sheree      | Madaih      | Sheree@chequer.io      | Financial   | TRUE |
| 855  | Jacquetta   | Stephie     | Jacquetta@chequer.io   | H/R         | TRUE |
| 856  | Theodora    | Ilka        | Theodora@chequer.io    | Development | TRUE |
| 857  | Chere       | Keelia      | Chere@chequer.io       | Sales       | TRUE |
| 858  | Elvira      | Cath        | Elvira@chequer.io      | QA          | TRUE |
| 859  | Marita      | Prober      | Marita@chequer.io      | QA          | TRUE |
| 860  | Shirlee     | Flita       | Shirlee@chequer.io     | Business    | TRUE |
| 861  | Robinia     | McLaughlin  | Robinia@chequer.io     | Sales       | TRUE |
| 862  | Tarra       | Faria       | Tarra@chequer.io       | Business    | TRUE |
| 863  | Taffy       | Berriman    | Taffy@chequer.io       | QA          | TRUE |
| 864  | Hayley      | Palocz      | Hayley@chequer.io      | Financial   | TRUE |
| 865  | Linzy       | Joni        | Linzy@chequer.io       | Financial   | TRUE |
| 866  | Brana       | Cressida    | Brana@chequer.io       | QA          | TRUE |
| 867  | Johna       | Calhoun     | Johna@chequer.io       | H/R         | TRUE |
| 868  | Felice      | Greyson     | Felice@chequer.io      | QA          | TRUE |
| 869  | Nita        | Lia         | Nita@chequer.io        | Financial   | TRUE |
| 870  | Dode        | Schwejda    | Dode@chequer.io        | Financial   | TRUE |
| 871  | Fawne       | Oster       | Fawne@chequer.io       | Financial   | TRUE |
| 872  | Lilith      | Pitt        | Lilith@chequer.io      | Sales       | TRUE |
| 873  | Christal    | Kauppi      | Christal@chequer.io    | H/R         | TRUE |
| 874  | Monika      | Kiersten    | Monika@chequer.io      | Sales       | TRUE |
| 875  | Alie        | Strephon    | Alie@chequer.io        | Business    | TRUE |
| 876  | Carilyn     | Vale        | Carilyn@chequer.io     | Development | TRUE |
| 877  | Oona        | Ilka        | Oona@chequer.io        | QA          | TRUE |
| 878  | Julieta     | Isidore     | Julieta@chequer.io     | QA          | TRUE |
| 879  | Dotty       | Rodmann     | Dotty@chequer.io       | QA          | TRUE |
| 880  | Janis       | Marsden     | Janis@chequer.io       | Development | TRUE |
| 881  | Monika      | Solitta     | Monika@chequer.io      | Development | TRUE |
| 882  | Katleen     | Beniamino   | Katleen@chequer.io     | Business    | TRUE |
| 883  | Babita      | Byrne       | Babita@chequer.io      | Financial   | TRUE |
| 884  | Reeba       | Genna       | Reeba@chequer.io       | Financial   | TRUE |
| 885  | Hollie      | Fontana     | Hollie@chequer.io      | Business    | TRUE |
| 886  | Liana       | Peg         | Liana@chequer.io       | Business    | TRUE |
| 887  | Joelly      | Margret     | Joelly@chequer.io      | QA          | TRUE |
| 888  | Hayley      | Arathorn    | Hayley@chequer.io      | H/R         | TRUE |
| 889  | Jessamyn    | Harday      | Jessamyn@chequer.io    | H/R         | TRUE |
| 890  | Jsandye     | Edmund      | Jsandye@chequer.io     | Financial   | TRUE |
| 891  | Rozele      | Adore       | Rozele@chequer.io      | QA          | TRUE |
| 892  | Grier       | Trinetta    | Grier@chequer.io       | Development | TRUE |
| 893  | Agathe      | Marsden     | Agathe@chequer.io      | H/R         | TRUE |
| 894  | Karolina    | Greenwald   | Karolina@chequer.io    | Financial   | TRUE |
| 895  | Karolina    | Cyrie       | Karolina@chequer.io    | Sales       | TRUE |
| 896  | Karina      | Ivens       | Karina@chequer.io      | Financial   | TRUE |
| 897  | Lynde       | Colyer      | Lynde@chequer.io       | Financial   | TRUE |
| 898  | Dari        | Waldron     | Dari@chequer.io        | Sales       | TRUE |
| 899  | Jillayne    | Juan        | Jillayne@chequer.io    | Business    | TRUE |
| 900  | Ernesta     | Kathie      | Ernesta@chequer.io     | QA          | TRUE |
| 901  | Sadie       | Jagir       | Sadie@chequer.io       | QA          | TRUE |
| 902  | Viki        | Dimitris    | Viki@chequer.io        | H/R         | TRUE |
| 903  | Misha       | Dimitris    | Misha@chequer.io       | Financial   | TRUE |
| 904  | Frances     | Darrell     | Frances@chequer.io     | Business    | TRUE |
| 905  | Brana       | Scammon     | Brana@chequer.io       | Sales       | TRUE |
| 906  | Fawne       | Burkle      | Fawne@chequer.io       | H/R         | TRUE |
| 907  | Vita        | Schonfeld   | Vita@chequer.io        | Development | TRUE |
| 908  | Corly       | Ricki       | Corly@chequer.io       | Business    | TRUE |
| 909  | Hope        | Othilia     | Hope@chequer.io        | H/R         | TRUE |
| 910  | Marita      | Heidt       | Marita@chequer.io      | Development | TRUE |
| 911  | Dari        | Herrera     | Dari@chequer.io        | H/R         | TRUE |
| 912  | Marjie      | Emanuel     | Marjie@chequer.io      | Financial   | TRUE |
| 913  | Deane       | Dawkins     | Deane@chequer.io       | Development | TRUE |
| 914  | Petronia    | Delila      | Petronia@chequer.io    | Development | TRUE |
| 915  | Maurene     | Winthorpe   | Maurene@chequer.io     | Sales       | TRUE |
| 916  | Ellette     | Ummersen    | Ellette@chequer.io     | Development | TRUE |
| 917  | Belva       | Dorine      | Belva@chequer.io       | Business    | TRUE |
| 918  | Sibella     | Cath        | Sibella@chequer.io     | Development | TRUE |
| 919  | Bernardine  | Anis        | Bernardine@chequer.io  | Financial   | TRUE |
| 920  | Sherrie     | Merriott    | Sherrie@chequer.io     | Business    | TRUE |
| 921  | Cordi       | Alisia      | Cordi@chequer.io       | Business    | TRUE |
| 922  | Suzette     | Khorma      | Suzette@chequer.io     | QA          | TRUE |
| 923  | Jaime       | Leary       | Jaime@chequer.io       | Business    | TRUE |
| 924  | Merle       | Sherrie     | Merle@chequer.io       | H/R         | TRUE |
| 925  | Eadie       | Graig       | Eadie@chequer.io       | Business    | TRUE |
| 926  | Priscilla   | Gaspard     | Priscilla@chequer.io   | H/R         | TRUE |
| 927  | Lusa        | Devlen      | Lusa@chequer.io        | Financial   | TRUE |
| 928  | Karina      | Arne        | Karina@chequer.io      | Sales       | TRUE |
| 929  | Angela      | Gahl        | Angela@chequer.io      | QA          | TRUE |
| 930  | Sophia      | Howlyn      | Sophia@chequer.io      | Development | TRUE |
| 931  | Modestia    | Granoff     | Modestia@chequer.io    | H/R         | TRUE |
| 932  | Odessa      | Anastatius  | Odessa@chequer.io      | Development | TRUE |
| 933  | Malina      | Mintz       | Malina@chequer.io      | QA          | TRUE |
| 934  | Violet      | Georgy      | Violet@chequer.io      | H/R         | TRUE |
| 935  | Gavrielle   | Lumbard     | Gavrielle@chequer.io   | Business    | TRUE |
| 936  | Tori        | Brackely    | Tori@chequer.io        | H/R         | TRUE |
| 937  | Sabina      | Jotham      | Sabina@chequer.io      | Financial   | TRUE |
| 938  | Annabela    | Huggins     | Annabela@chequer.io    | Sales       | TRUE |
| 939  | Linet       | Nicoline    | Linet@chequer.io       | QA          | TRUE |
| 940  | Mara        | Brandice    | Mara@chequer.io        | QA          | TRUE |
| 941  | Paulita     | Saree       | Paulita@chequer.io     | Financial   | TRUE |
| 942  | Goldie      | Kathie      | Goldie@chequer.io      | Business    | TRUE |
| 943  | Di          | Nelsen      | Di@chequer.io          | Sales       | TRUE |
| 944  | Joeann      | Ingra       | Joeann@chequer.io      | Business    | TRUE |
| 945  | Margette    | Carlson     | Margette@chequer.io    | Financial   | TRUE |
| 946  | Gabriellia  | Turne       | Gabriellia@chequer.io  | QA          | TRUE |
| 947  | Consuela    | Ilka        | Consuela@chequer.io    | QA          | TRUE |
| 948  | Rochette    | Even        | Rochette@chequer.io    | Financial   | TRUE |
| 949  | Blake       | Taam        | Blake@chequer.io       | Development | TRUE |
| 950  | Jenda       | Soneson     | Jenda@chequer.io       | Sales       | TRUE |
| 951  | Merle       | Barrus      | Merle@chequer.io       | QA          | TRUE |
| 952  | Lisette     | Ackerley    | Lisette@chequer.io     | Development | TRUE |
| 953  | Jsandye     | Nickola     | Jsandye@chequer.io     | Development | TRUE |
| 954  | Nonnah      | Anton       | Nonnah@chequer.io      | QA          | TRUE |
| 955  | Keelia      | Madox       | Keelia@chequer.io      | H/R         | TRUE |
| 956  | Ottilie     | Hashim      | Ottilie@chequer.io     | Business    | TRUE |
| 957  | Violet      | Alice       | Violet@chequer.io      | Business    | TRUE |
| 958  | Nonnah      | Marijo      | Nonnah@chequer.io      | Development | TRUE |
| 959  | Ilse        | Corrine     | Ilse@chequer.io        | Sales       | TRUE |
| 960  | Tamqrah     | Taam        | Tamqrah@chequer.io     | Development | TRUE |
| 961  | Carmela     | Milde       | Carmela@chequer.io     | Development | TRUE |
| 962  | Alejandra   | Persse      | Alejandra@chequer.io   | Business    | TRUE |
| 963  | Gusella     | Urania      | Gusella@chequer.io     | Sales       | TRUE |
| 964  | Blake       | Bartlett    | Blake@chequer.io       | Sales       | TRUE |
| 965  | Helena      | Ophelia     | Helena@chequer.io      | Business    | TRUE |
| 966  | Aryn        | Colleen     | Aryn@chequer.io        | Business    | TRUE |
| 967  | Ida         | Dimitris    | Ida@chequer.io         | Development | TRUE |
| 968  | Lindie      | Lacombe     | Lindie@chequer.io      | QA          | TRUE |
| 969  | Collen      | Pierette    | Collen@chequer.io      | Development | TRUE |
| 970  | Lyssa       | Phyllis     | Lyssa@chequer.io       | Development | TRUE |
| 971  | Jolyn       | Bethany     | Jolyn@chequer.io       | QA          | TRUE |
| 972  | Queenie     | Loleta      | Queenie@chequer.io     | QA          | TRUE |
| 973  | Celisse     | Belanger    | Celisse@chequer.io     | Business    | TRUE |
| 974  | Lolita      | Ferrell     | Lolita@chequer.io      | Development | TRUE |
| 975  | Hettie      | Teddman     | Hettie@chequer.io      | Development | TRUE |
| 976  | Renie       | Jenness     | Renie@chequer.io       | Business    | TRUE |
| 977  | Helena      | Si          | Helena@chequer.io      | Sales       | TRUE |
| 978  | Ketti       | Alrich      | Ketti@chequer.io       | Financial   | TRUE |
| 979  | Jinny       | Bigner      | Jinny@chequer.io       | QA          | TRUE |
| 980  | Bobinette   | Liebermann  | Bobinette@chequer.io   | H/R         | TRUE |
| 981  | Karly       | Harday      | Karly@chequer.io       | QA          | TRUE |
| 982  | Lorie       | Dorothy     | Lorie@chequer.io       | Business    | TRUE |
| 983  | Marline     | Tarrant     | Marline@chequer.io     | QA          | TRUE |
| 984  | Celestyna   | Margret     | Celestyna@chequer.io   | Development | TRUE |
| 985  | Tarra       | Emanuel     | Tarra@chequer.io       | H/R         | TRUE |
| 986  | Gui         | Christine   | Gui@chequer.io         | QA          | TRUE |
| 987  | Adore       | Cloris      | Adore@chequer.io       | QA          | TRUE |
| 988  | Rhea        | Carbo       | Rhea@chequer.io        | Business    | TRUE |
| 989  | Meghann     | Bettine     | Meghann@chequer.io     | Development | TRUE |
| 990  | Lisette     | Corrine     | Lisette@chequer.io     | QA          | TRUE |
| 991  | Shirlee     | Maurine     | Shirlee@chequer.io     | QA          | TRUE |
| 992  | Bernardine  | Primalia    | Bernardine@chequer.io  | Sales       | TRUE |
| 993  | Steffane    | Chinua      | Steffane@chequer.io    | Business    | TRUE |
| 994  | Bettine     | Ehrman      | Bettine@chequer.io     | Sales       | TRUE |
| 995  | Laure       | Kinnard     | Laure@chequer.io       | Development | TRUE |
| 996  | Rori        | Annice      | Rori@chequer.io        | Development | TRUE |
| 997  | Kirbee      | Vittoria    | Kirbee@chequer.io      | Financial   | TRUE |
| 998  | Jacenta     | Telfer      | Jacenta@chequer.io     | QA          | TRUE |
| 999  | Susette     | Blase       | Susette@chequer.io     | Business    | TRUE |
| 1000 | Pollyanna   | Amand       | Pollyanna@chequer.io   | Financial   | TRUE |
| 1001 | Ardys       | Arathorn    | Ardys@chequer.io       | Sales       | TRUE |
| 1002 | Karolina    | Elo         | Karolina@chequer.io    | Business    | TRUE |
| 1003 | Caritta     | Thar        | Caritta@chequer.io     | Financial   | TRUE |
| 1004 | Sean        | Schalles    | Sean@chequer.io        | Development | TRUE |
| 1005 | June        | Buckler     | June@chequer.io        | Development | TRUE |
| 1006 | Nicoli      | Eiser       | Nicoli@chequer.io      | QA          | TRUE |
| 1007 | Kathy       | Richers     | Kathy@chequer.io       | Development | TRUE |
| 1008 | Korrie      | Anyah       | Korrie@chequer.io      | Financial   | TRUE |
| 1009 | Violet      | Chobot      | Violet@chequer.io      | H/R         | TRUE |
| 1010 | Arlena      | McNully     | Arlena@chequer.io      | Development | TRUE |
| 1011 | Nessie      | Carolin     | Nessie@chequer.io      | H/R         | TRUE |
| 1012 | Mureil      | Chesna      | Mureil@chequer.io      | Sales       | TRUE |
| 1013 | Alia        | Teddman     | Alia@chequer.io        | QA          | TRUE |
| 1014 | Hyacinthe   | Kirstin     | Hyacinthe@chequer.io   | Financial   | TRUE |
| 1015 | Fernande    | Urias       | Fernande@chequer.io    | Sales       | TRUE |
| 1016 | Cherrita    | Dorine      | Cherrita@chequer.io    | Business    | TRUE |
| 1017 | Clary       | Pearse      | Clary@chequer.io       | Sales       | TRUE |
| 1018 | Mady        | McAdams     | Mady@chequer.io        | Development | TRUE |
| 1019 | Magdalena   | Gherardo    | Magdalena@chequer.io   | H/R         | TRUE |
| 1020 | Damaris     | Pond        | Damaris@chequer.io     | Development | TRUE |
| 1021 | Elfreda     | Chandler    | Elfreda@chequer.io     | Financial   | TRUE |
| 1022 | Merle       | Truc        | Merle@chequer.io       | Financial   | TRUE |
| 1023 | Harrietta   | Cristi      | Harrietta@chequer.io   | Development | TRUE |
| 1024 | Lusa        | Ephrem      | Lusa@chequer.io        | Development | TRUE |
| 1025 | Clary       | Carey       | Clary@chequer.io       | Sales       | TRUE |
| 1026 | Gertrud     | Presber     | Gertrud@chequer.io     | Financial   | TRUE |
| 1027 | Desirae     | Fiester     | Desirae@chequer.io     | Financial   | TRUE |
| 1028 | Marylou     | Madaih      | Marylou@chequer.io     | Business    | TRUE |
| 1029 | Minne       | Joni        | Minne@chequer.io       | QA          | TRUE |
| 1030 | Charmaine   | Girardo     | Charmaine@chequer.io   | Business    | TRUE |
| 1031 | Ida         | Persse      | Ida@chequer.io         | Financial   | TRUE |
| 1032 | Concettina  | Grayce      | Concettina@chequer.io  | H/R         | TRUE |
| 1033 | Charmaine   | Erb         | Charmaine@chequer.io   | QA          | TRUE |
| 1034 | Emma        | Xerxes      | Emma@chequer.io        | H/R         | TRUE |
| 1035 | Joelly      | Calhoun     | Joelly@chequer.io      | Development | TRUE |
| 1036 | Jsandye     | Vernier     | Jsandye@chequer.io     | Development | TRUE |
| 1037 | Kara-Lynn   | Sundin      | Kara-Lynn@chequer.io   | Development | TRUE |
| 1038 | Anica       | Norvol      | Anica@chequer.io       | Development | TRUE |
| 1039 | Dania       | McGrody     | Dania@chequer.io       | Financial   | TRUE |
| 1040 | Stacey      | Allina      | Stacey@chequer.io      | Development | TRUE |
| 1041 | Max         | Seagraves   | Max@chequer.io         | Development | TRUE |
| 1042 | Penelopa    | Agle        | Penelopa@chequer.io    | H/R         | TRUE |
| 1043 | Calla       | Cristi      | Calla@chequer.io       | QA          | TRUE |
| 1044 | Margalo     | Schwejda    | Margalo@chequer.io     | QA          | TRUE |
| 1045 | Peri        | Alwin       | Peri@chequer.io        | QA          | TRUE |
| 1046 | Britni      | Scammon     | Britni@chequer.io      | Financial   | TRUE |
| 1047 | Rosene      | Penelopa    | Rosene@chequer.io      | Sales       | TRUE |
| 1048 | Kirbee      | Concha      | Kirbee@chequer.io      | QA          | TRUE |
| 1049 | Delilah     | Zrike       | Delilah@chequer.io     | H/R         | TRUE |
| 1050 | Daune       | Chandler    | Daune@chequer.io       | H/R         | TRUE |
| 1051 | Rubie       | Ludewig     | Rubie@chequer.io       | H/R         | TRUE |
| 1052 | Starla      | Saint       | Starla@chequer.io      | QA          | TRUE |
| 1053 | Helena      | Sprage      | Helena@chequer.io      | H/R         | TRUE |
| 1054 | Lorie       | Rugen       | Lorie@chequer.io       | Sales       | TRUE |
| 1055 | Cam         | Kamaria     | Cam@chequer.io         | Development | TRUE |
| 1056 | Marsiella   | Ciro        | Marsiella@chequer.io   | QA          | TRUE |
| 1057 | Celestyna   | Mehalek     | Celestyna@chequer.io   | Business    | TRUE |
| 1058 | Gilligan    | Howlyn      | Gilligan@chequer.io    | H/R         | TRUE |
| 1059 | Millie      | Hanshaw     | Millie@chequer.io      | Sales       | TRUE |
| 1060 | Rosene      | Pattin      | Rosene@chequer.io      | H/R         | TRUE |
| 1061 | Allyce      | Tarrant     | Allyce@chequer.io      | QA          | TRUE |
| 1062 | Margalo     | Erb         | Margalo@chequer.io     | QA          | TRUE |
| 1063 | Sonni       | Iiette      | Sonni@chequer.io       | Financial   | TRUE |
| 1064 | Penelopa    | Pattin      | Penelopa@chequer.io    | Sales       | TRUE |
| 1065 | Myriam      | Hoban       | Myriam@chequer.io      | H/R         | TRUE |
| 1066 | Trudie      | Santoro     | Trudie@chequer.io      | Sales       | TRUE |
| 1067 | Brooks      | Stav        | Brooks@chequer.io      | Financial   | TRUE |
| 1068 | Codie       | Rocray      | Codie@chequer.io       | QA          | TRUE |
| 1069 | Nicoli      | Velick      | Nicoli@chequer.io      | Sales       | TRUE |
| 1070 | Caritta     | Haerr       | Caritta@chequer.io     | Sales       | TRUE |
| 1071 | Siana       | Douglass    | Siana@chequer.io       | H/R         | TRUE |
| 1072 | Roberta     | Phi         | Roberta@chequer.io     | Business    | TRUE |
| 1073 | Linzy       | Tengdin     | Linzy@chequer.io       | Sales       | TRUE |
| 1074 | Andeee      | Hurley      | Andeee@chequer.io      | QA          | TRUE |
| 1075 | Blake       | Camden      | Blake@chequer.io       | Development | TRUE |
| 1076 | Dotty       | Kat         | Dotty@chequer.io       | Business    | TRUE |
| 1077 | Yolane      | Abernon     | Yolane@chequer.io      | H/R         | TRUE |
| 1078 | Augustine   | Pettiford   | Augustine@chequer.io   | H/R         | TRUE |
| 1079 | Oona        | Loleta      | Oona@chequer.io        | H/R         | TRUE |
| 1080 | Basia       | Sammons     | Basia@chequer.io       | Development | TRUE |
| 1081 | Joleen      | Shields     | Joleen@chequer.io      | Sales       | TRUE |
| 1082 | Janenna     | Wareing     | Janenna@chequer.io     | Business    | TRUE |
| 1083 | Teriann     | Aldric      | Teriann@chequer.io     | QA          | TRUE |
| 1084 | Vita        | Craggie     | Vita@chequer.io        | Business    | TRUE |
| 1085 | Emelina     | Truc        | Emelina@chequer.io     | H/R         | TRUE |
| 1086 | Berget      | Fry         | Berget@chequer.io      | QA          | TRUE |
| 1087 | Rhea        | August      | Rhea@chequer.io        | Development | TRUE |
| 1088 | Kore        | Doig        | Kore@chequer.io        | H/R         | TRUE |
| 1089 | Ann-Marie   | Laurianne   | Ann-Marie@chequer.io   | H/R         | TRUE |
| 1090 | Chrystel    | Fitzsimmons | Chrystel@chequer.io    | Business    | TRUE |
| 1091 | Ernesta     | Saree       | Ernesta@chequer.io     | H/R         | TRUE |
| 1092 | Dagmar      | Bashemeth   | Dagmar@chequer.io      | Financial   | TRUE |
| 1093 | Kirbee      | Bahr        | Kirbee@chequer.io      | H/R         | TRUE |
| 1094 | Basia       | Chapland    | Basia@chequer.io       | Development | TRUE |
| 1095 | Nariko      | Vharat      | Nariko@chequer.io      | Sales       | TRUE |
| 1096 | Gui         | Sharl       | Gui@chequer.io         | H/R         | TRUE |
| 1097 | Alia        | Fredi       | Alia@chequer.io        | Development | TRUE |
| 1098 | Libbie      | Lia         | Libbie@chequer.io      | Business    | TRUE |
| 1099 | Ermengarde  | Cristi      | Ermengarde@chequer.io  | Business    | TRUE |
+------+-------------+-------------+------------------------+-------------+------+
